Workbook

Sheet Riepilogo
A1: Domande abbinate alle sezioni della FAD
A2: Ogni video apre il quiz della propria sezione (i video della stessa sezione hanno le stesse domande). Una domanda che riguarda più argomenti compare in tutte le sezioni pertinenti; dove c'era dubbio è nella sezione più probabile. Abbinamento fatto da titoli e argomenti, non dal contenuto dei video. Testi e categorie sono copiati dal PDF senza correzioni.
A4: Sezione | B4: Video | C4: Durata totale | D4: N° domande | E4: Numeri delle domande
A5: Aspetti amministrativi | B5: Aspetti Amministrativi (54:35) | C5: 54:35 | D5: =COUNTIF('Per sezione'!$A$2:$A$1175,A5) -> 21 | E5: 195, 231, 239, 241, 244, 248, 250, 251, 254, 255, 256, 257, 260, 284, 285, 286, 292, 324, 580, 904, 949
A6: Il Corpo Umano | B6: Il Corpo Umano parte I (46:06); Il Corpo Umano parte II (43:27) | C6: 1:29:33 | D6: =COUNTIF('Per sezione'!$A$2:$A$1175,A6) -> 132 | E6: 52, 53, 54, 55, 56, 57, 58, 59, 60, 61, 62, 63, 64, 65, 66, 67, 68, 69, 70, 71, 72, 73, 74, 75, 76, 77, 78, 79, 80, 81, 82, 83, 84, 85, 86, 87, 88, 89, 90, 91, 92, 93, 94, 95, 96, 97, 98, 99, 100, 101, 102, 103, 104, 105, 106, 107, 108, 109, 110, 111, 112, 113, 114, 115, 116, 117, 118, 119, 120, 121, 122, 123, 124, 125, 126, 127, 128, 129, 130, 132, 133, 134, 135, 136, 137, 138, 139, 140, 141, 142, 143, 144, 145, 146, 147, 148, 149, 150, 151, 152, 153, 154, 155, 156, 157, 158, 159, 160, 161, 162, 163, 164, 165, 203, 592, 595, 608, 643, 651, 652, 653, 676, 688, 695, 746, 749, 786, 789, 796, 809, 818, 837
A7: Teoria del movimento | B7: Teoria del movimento (1:10:13) | C7: 1:10:13 | D7: =COUNTIF('Per sezione'!$A$2:$A$1175,A7) -> 232 | E7: 191, 192, 193, 197, 198, 199, 201, 204, 205, 210, 211, 213, 218, 220, 221, 223, 224, 225, 226, 227, 228, 230, 232, 233, 235, 237, 238, 245, 258, 261, 262, 263, 264, 265, 583, 584, 585, 586, 587, 589, 590, 591, 592, 595, 596, 597, 598, 599, 600, 601, 602, 603, 604, 605, 606, 607, 609, 610, 611, 612, 613, 615, 617, 618, 621, 622, 623, 624, 625, 626, 627, 629, 630, 631, 632, 633, 634, 635, 636, 637, 638, 639, 641, 642, 643, 644, 646, 647, 648, 650, 651, 652, 653, 657, 659, 662, 663, 664, 665, 666, 667, 668, 670, 674, 675, 676, 679, 680, 682, 684, 685, 686, 687, 689, 690, 691, 692, 693, 694, 695, 697, 698, 700, 701, 702, 703, 704, 713, 714, 716, 721, 723, 724, 725, 726, 727, 728, 729, 730, 731, 732, 733, 734, 735, 736, 737, 739, 740, 741, 746, 747, 749, 754, 765, 766, 767, 769, 771, 772, 773, 774, 775, 776, 777, 779, 780, 781, 782, 783, 786, 788, 790, 791, 793, 794, 796, 798, 799, 801, 802, 806, 807, 808, 809, 811, 812, 813, 814, 815, 816, 818, 819, 820, 821, 822, 823, 824, 825, 826, 829, 830, 831, 832, 833, 834, 835, 836, 837, 838, 839, 840, 841, 842, 843, 845, 846, 847, 849, 850, 851, 852, 854, 855, 856, 860, 861, 862, 863, 864, 865, 866, 867
A8: Area psicopedagogica | B8: Area psicopedagogica 1 (22:42); Area psicopedagogica 2 (20:49); Area psicopedagogica 3 (31:41) | C8: 1:15:12 | D8: =COUNTIF('Per sezione'!$A$2:$A$1175,A8) -> 151 | E8: 206, 207, 211, 212, 214, 243, 249, 252, 259, 364, 365, 375, 584, 585, 586, 587, 699, 843, 868, 869, 870, 871, 872, 873, 874, 875, 876, 877, 878, 879, 880, 881, 882, 883, 884, 885, 886, 887, 888, 889, 890, 891, 892, 893, 894, 895, 896, 897, 898, 899, 900, 901, 902, 903, 904, 905, 906, 907, 908, 909, 910, 911, 912, 913, 914, 915, 916, 917, 918, 919, 920, 921, 922, 923, 924, 925, 926, 927, 928, 929, 930, 931, 932, 933, 934, 935, 936, 937, 938, 939, 940, 941, 942, 943, 944, 945, 946, 947, 948, 949, 950, 951, 952, 953, 954, 955, 956, 957, 958, 959, 960, 961, 962, 963, 964, 965, 966, 967, 968, 969, 970, 971, 972, 973, 974, 975, 976, 977, 978, 979, 980, 981, 982, 983, 984, 985, 986, 987, 988, 989, 990, 991, 992, 993, 994, 995, 996, 997, 998, 999, 1000
A9: Elementi di Primo Soccorso | B9: Elementi di Primo Soccorso parte I (48:24); Elementi di Primo Soccorso parte II (46:45) | C9: 1:35:09 | D9: =COUNTIF('Per sezione'!$A$2:$A$1175,A9) -> 20 | E9: 103, 116, 131, 271, 272, 276, 277, 291, 293, 297, 299, 340, 341, 349, 358, 384, 386, 392, 496, 556
A10: Responsabilità dell'Istruttore | B10: Responsabilità dell'Istruttore (31:27) | C10: 31:27 | D10: =COUNTIF('Per sezione'!$A$2:$A$1175,A10) -> 19 | E10: 206, 257, 259, 275, 281, 289, 290, 347, 483, 486, 487, 504, 523, 530, 531, 534, 539, 580, 905
A11: L'uomo e l'acqua | B11: L'uomo e l'acqua (35:37) | C11: 35:37 | D11: =COUNTIF('Per sezione'!$A$2:$A$1175,A11) -> 55 | E11: 190, 191, 193, 194, 196, 197, 198, 202, 205, 209, 214, 217, 219, 222, 223, 236, 240, 242, 245, 246, 325, 331, 332, 370, 379, 549, 594, 614, 619, 620, 641, 649, 654, 656, 658, 678, 706, 707, 708, 709, 710, 711, 712, 714, 715, 733, 734, 738, 780, 781, 834, 835, 849, 918, 989
A12: Ambientamento e acquaticità | B12: Ambientamento e acquaticità (13:20) | C12: 13:20 | D12: =COUNTIF('Per sezione'!$A$2:$A$1175,A12) -> 47 | E12: 209, 222, 268, 269, 270, 273, 274, 294, 296, 301, 303, 305, 319, 334, 355, 356, 357, 359, 360, 375, 387, 401, 403, 419, 421, 422, 423, 425, 469, 485, 497, 514, 530, 536, 550, 553, 555, 559, 565, 566, 567, 568, 569, 570, 571, 572, 671
A13: Galleggiamenti, spostamenti, posture, propulsioni | B13: Galleggiamenti, spostamenti, posture, propulsioni (48:18) | C13: 48:18 | D13: =COUNTIF('Per sezione'!$A$2:$A$1175,A13) -> 19 | E13: 268, 274, 308, 331, 332, 399, 416, 488, 494, 511, 513, 562, 564, 566, 568, 615, 649, 678, 715
A14: Tecnica e didattica delle quattro nuotate regolamentari | B14: Tecnica e didattica delle quattro nuotate regolamentari (1:11:27) | C14: 1:11:27 | D14: =COUNTIF('Per sezione'!$A$2:$A$1175,A14) -> 265 | E14: 200, 208, 229, 232, 237, 240, 242, 253, 266, 267, 278, 279, 282, 287, 288, 295, 298, 300, 304, 307, 309, 310, 312, 313, 314, 315, 316, 317, 318, 320, 321, 322, 323, 327, 330, 333, 335, 336, 337, 339, 342, 343, 344, 345, 346, 348, 350, 351, 352, 353, 354, 357, 361, 362, 363, 364, 366, 367, 368, 369, 371, 372, 373, 374, 376, 377, 378, 380, 382, 383, 388, 389, 390, 391, 393, 394, 395, 396, 397, 400, 402, 404, 405, 406, 407, 408, 409, 410, 411, 412, 413, 414, 415, 420, 425, 426, 427, 428, 429, 430, 431, 432, 433, 434, 435, 436, 437, 438, 439, 440, 441, 442, 443, 444, 445, 446, 449, 450, 451, 452, 453, 454, 455, 456, 457, 458, 459, 460, 461, 462, 464, 468, 469, 470, 471, 472, 473, 474, 475, 476, 478, 479, 480, 481, 482, 484, 490, 491, 492, 495, 498, 499, 500, 501, 502, 503, 505, 506, 508, 509, 510, 512, 515, 516, 517, 520, 521, 522, 524, 525, 526, 527, 529, 533, 541, 542, 543, 544, 545, 546, 548, 552, 553, 554, 557, 560, 561, 563, 569, 573, 576, 577, 578, 579, 581, 588, 591, 597, 600, 606, 622, 628, 629, 631, 638, 640, 646, 655, 659, 660, 669, 680, 683, 696, 705, 717, 718, 719, 720, 721, 722, 742, 743, 744, 745, 750, 751, 752, 753, 754, 755, 756, 757, 758, 759, 760, 761, 762, 764, 768, 770, 778, 784, 785, 792, 800, 802, 803, 804, 805, 810, 817, 827, 844, 851, 852, 853, 858, 859, 863, 864, 865, 915, 926, 934
A15: La Pallanuoto in Corsia | B15: La Pallanuoto in Corsia parte I (1:07:52); La Pallanuoto in Corsia parte II (36:33) | C15: 1:44:25 | D15: =COUNTIF('Per sezione'!$A$2:$A$1175,A15) -> 8 | E15: 302, 385, 465, 466, 467, 493, 519, 558
A16: Il Nuoto Artistico in Corsia | B16: Il Nuoto Artistico in Corsia parte I (25:17); Il Nuoto Artistico in Corsia parte II (32:14) | C16: 57:31 | D16: =COUNTIF('Per sezione'!$A$2:$A$1175,A16) -> 8 | E16: 398, 399, 417, 418, 477, 493, 511, 538
... A27: Le Scuole Nuoto Federali | B27: Le Scuole Nuoto Federali (16:35) | C27: 16:35 | D27: =COUNTIF('Per sezione'!$A$2:$A$1175,A27) -> 50 | E27: 208, 235, 247, 253, 278, 279, 288, 311, 314, 315, 316, 317, 318, 320, 321, 322, 323, 326, 329, 342, 361, 366, 367, 368, 369, 370, 371, 372, 389, 390, 391, 394, 402, 430, 440, 441, 442, 443, 484, 489, 507, 518, 535, 544, 549, 560, 561, 574, 705, 800
A28: Presenze totali (domande × sezioni) | D28: =SUM(D5:D27) -> 1174
A29: Domande diverse coperte (devono essere 1000) | D29: =COUNTIF(Domande!$E$2:$E$1001,">0") -> 1000
A31: Fogli: 'Per sezione' elenca le domande di ogni sezione (filtrabile); 'Domande' elenca le 1000 domande con le sezioni in cui compaiono.

Sheet Per sezione
A1: Sezione | B1: Video della sezione | C1: N° | D1: Categoria FIN (dal PDF) | E1: Domanda
A2: Aspetti amministrativi | B2: Aspetti Amministrativi | C2: 195 | D2: La cultura dell’acqua | E2: Come sono inquadrati i tecnici nella FIN?
A3: Aspetti amministrativi | B3: Aspetti Amministrativi | C3: 231 | D3: La cultura dell’acqua | E3: Le società che intendono praticare gli sport acquatici nell’ambito della FIN:
A4: Aspetti amministrativi | B4: Aspetti Amministrativi | C4: 239 | D4: La cultura dell’acqua | E4: Per quanti anni un allievo istruttore può mantenere la qualifica senza aggiornamento?
A5: Aspetti amministrativi | B5: Aspetti Amministrativi | C5: 241 | D5: La cultura dell’acqua | E5: Qual è il percorso formativo di un tecnico nella FIN?
A6: Aspetti amministrativi | B6: Aspetti Amministrativi | C6: 244 | D6: La cultura dell’acqua | E6: Quale delle seguenti affermazioni è errata?
A7: Aspetti amministrativi | B7: Aspetti Amministrativi | C7: 248 | D7: La cultura dell’acqua | E7: Quale tra le seguenti categorie non fa parte della FIN?
A8: Aspetti amministrativi | B8: Aspetti Amministrativi | C8: 250 | D8: La cultura dell’acqua | E8: Quali delle seguenti non è una competenza della FIN?
A9: Aspetti amministrativi | B9: Aspetti Amministrativi | C9: 251 | D9: La cultura dell’acqua | E9: Quali di questi soggetti non fanno parte della FIN?
A10: Aspetti amministrativi | B10: Aspetti Amministrativi | C10: 254 | D10: La cultura dell’acqua | E10: Quali sono gli organi centrali della FIN?
A11: Aspetti amministrativi | B11: Aspetti Amministrativi | C11: 255 | D11: La cultura dell’acqua | E11: Quali sono gli organi tecnici della FIN?
A12: Aspetti amministrativi | B12: Aspetti Amministrativi | C12: 256 | D12: La cultura dell’acqua | E12: Quali sono gli scopi che si propone la FIN?
A13: Aspetti amministrativi | B13: Aspetti Amministrativi | C13: 257 | D13: La cultura dell’acqua | E13: Quali sono i doveri dei tecnici?
... A1175: Le Scuole Nuoto Federali | B1175: Le Scuole Nuoto Federali | C1175: 800 | D1175: Metodologia | E1175: Quale delle seguenti affermazioni sulle virate non è corretta?

Sheet Domande
A1: N° | B1: Categoria FIN (dal PDF) | C1: Domanda | D1: Sezioni in cui compare | E1: N° sezioni
A2: 1 | B2: Attività speciali | C2: Attività prescolare: primi obiettivi da raggiungere | D2: Cenni di Attività Prescolare | E2: =COUNTIF('Per sezione'!$C$2:$C$1175,A2) -> 1
A3: 2 | B3: Attività speciali | C3: Che cos’è il diving reflex? | D3: Cenni di Attività Neonatale | E3: =COUNTIF('Per sezione'!$C$2:$C$1175,A3) -> 1
A4: 3 | B4: Attività speciali | C4: Con i bambini in età prescolare il canale privilegiato per insegnare è costituito da: | D4: Cenni di Attività Prescolare | E4: =COUNTIF('Per sezione'!$C$2:$C$1175,A4) -> 1
A5: 4 | B5: Attività speciali | C5: Cos’è un corso in acqua per bambini al di sotto dei 3 anni? | D5: Cenni di Attività Neonatale | E5: =COUNTIF('Per sezione'!$C$2:$C$1175,A5) -> 1
A6: 5 | B6: Attività speciali | C6: Differenze tra esercizio fisico e terapia acquatica per i disabili: | D6: Cenni di Attività per Persone con Disabilità | E6: =COUNTIF('Per sezione'!$C$2:$C$1175,A6) -> 1
A7: 6 | B7: Attività speciali | C7: Dove deve posizionarsi l’istruttore dei gruppi prescolari? | D7: Cenni di Attività Prescolare | E7: =COUNTIF('Per sezione'!$C$2:$C$1175,A7) -> 1
A8: 7 | B8: Attività speciali | C8: È uno degli obiettivi di un corso neonatale: | D8: Cenni di Attività Neonatale | E8: =COUNTIF('Per sezione'!$C$2:$C$1175,A8) -> 1
A9: 8 | B9: Attività speciali | C9: I bambini nella fascia di età 18-24 mesi normalmente: | D9: Cenni di Attività Neonatale | E9: =COUNTIF('Per sezione'!$C$2:$C$1175,A9) -> 1
A10: 9 | B10: Attività speciali | C10: Il bimbo di 4-10 mesi in acqua può: | D10: Cenni di Attività Neonatale | E10: =COUNTIF('Per sezione'!$C$2:$C$1175,A10) -> 1
A11: 10 | B11: Attività speciali | C11: In età prescolare quale deve essere il fine dell’attività in acqua? | D11: Cenni di Attività Prescolare | E11: =COUNTIF('Per sezione'!$C$2:$C$1175,A11) -> 1
A12: 11 | B12: Attività speciali | C12: In età prescolare quali sono gli obiettivi per un buon lavoro sullo schema corporeo? | D12: Cenni di Attività Prescolare | E12: =COUNTIF('Per sezione'!$C$2:$C$1175,A12) -> 1
A13: 12 | B13: Attività speciali | C13: In gravidanza, l’attività motoria in acqua: | D13: Cenni di Attività per Gestanti | E13: =COUNTIF('Per sezione'!$C$2:$C$1175,A13) -> 1
... A1001: 1000 | B1001: Psicopedagogia | C1001: Una barriera della comunicazione è: | D1001: Area psicopedagogica | E1001: =COUNTIF('Per sezione'!$C$2:$C$1175,A1001) -> 1
